proof,expected_status,description
PRV000+1.s,CORRECT,Proof 00 - should verify correctly
PRV001+1.s,CORRECT,Proof 01 - should verify correctly
PRV002+1.s,INCORRECT,Proof 02 - should verify incorrectly
PRV003+1.s,INCORRECT,Proof 03 - should verify incorrectly
PRV004+1.s,CORRECT,Proof 04 - should verify correctly
PRV005+1.s,CORRECT,Proof 05 - should verify correctly
PRV006+1.s,INCORRECT,Proof 06 - should verify incorrectly
PRV007+1.s,INCORRECT,Proof 07 - should verify incorrectly
PRV008+1.s,INCORRECT,Proof 08 - should verify incorrectly
PRV009+1.s,INCORRECT,Proof 09 - should verify incorrectly
PRV010+1.s,CORRECT,Proof 10 - should verify correctly
PRV011+1.s,CORRECT,Proof 11 - should verify correctly
PRV012+1.s,CORRECT,Proof 12 - should verify correctly
PRV013+1.s,CORRECT,Proof 13 - should verify correctly
PRV014+1.s,CORRECT,Proof 14 - should verify correctly
PRV015+1.s,CORRECT,Proof 15 - should verify correctly
PRV016+1.s,CORRECT,Proof 16 - should verify correctly
PRV017+1.s,CORRECT,Proof 17 - should verify correctly
PRV018+1.s,CORRECT,Proof 18 - should verify correctly
PRV019+1.s,CORRECT,Proof 19 - should verify correctly
PRV020+1.s,CORRECT,Proof 20 - should verify correctly
PRV021+1.s,CORRECT,Proof 21 - should verify correctly
PRV022+1.s,CORRECT,Proof 22 - should verify correctly
PRV023+1.s,INCORRECT,Proof 23 - should verify incorrectly
PRV024+1.s,INCORRECT,Proof 24 - should verify incorrectly
PRV025+1.s,INCORRECT,Proof 25 - should verify incorrectly
PRV026+1.s,INCORRECT,Proof 26 - should verify incorrectly
PRV027+1.s,CORRECT,Proof 27 - should verify correctly
PRV028+1.s,INCORRECT,Proof 28 - should verify incorrectly
PRV029+1.s,CORRECT,Proof 29 - should verify correctly
PRV030+1.s,CORRECT,Proof 30 - should verify correctly
PRV031+1.s,INCORRECT,Proof 31 - should verify incorrectly
PRV032+1.s,INCORRECT,Proof 32 - should verify incorrectly
PRV033+1.s,CORRECT,Proof 33 - should verify correctly
PRV034+1.s,CORRECT,Proof 34 - should verify correctly
PRV035+1.s,INCORRECT,Proof 35 - should verify incorrectly
PRV036+1.s,INCORRECT,Proof 36 - should verify incorrectly
PRV037+1.s,INCORRECT,Proof 37 - should verify incorrectly
PRV038+1.s,INCORRECT,Proof 38 - should verify incorrectly
PRV039+1.s,INCORRECT,Proof 39 - should verify incorrectly
PRV040+1.s,CORRECT,Proof 40 - should verify correctly
PRV041+1.s,CORRECT,Proof 41 - should verify correctly
PRV042+1.s,CORRECT,Proof 42 - should verify correctly
PRV043+1.s,CORRECT,Proof 43 - should verify correctly
PRV044+1.s,INCORRECT,Proof 44 - should verify incorrectly
PRV045+1.s,CORRECT,Proof 45 - should verify correctly
PRV046+1.s,INCORRECT,Proof 46 - should verify incorrectly
PRV047+1.s,INCORRECT,Proof 47 - should verify incorrectly
PRV048+1.s,CORRECT,Proof 48 - should verify correctly
PRV049+1.s,INCORRECT,Proof 49 - should verify incorrectly
PRV050+1.s,INCORRECT,Proof 50 - should verify incorrectly
PRV051+1.s,INCORRECT,Proof 51 - should verify incorrectly
PRV052+1.s,INCORRECT,Proof 52 - should verify incorrectly
PRV053+1.s,INCORRECT,Proof 53 - should verify incorrectly
PRV054+1.s,INCORRECT,Proof 54 - should verify incorrectly
PRV055+1.s,CORRECT,Proof 55 - should verify correctly
PRV056+1.s,INCORRECT,Proof 56 - should verify incorrectly
PRV057+1.s,INCORRECT,Proof 57 - should verify incorrectly
PRV058+1.s,INCORRECT,Proof 58 - should verify incorrectly
PRV059+1.s,CORRECT,Proof 59 - should verify correctly
PRV060+1.s,CORRECT,Proof 60 - should verify correctly
PRV061+1.s,CORRECT,Proof 61 - should verify correctly
PRV062+1.s,CORRECT,Proof 62 - should verify correctly
PRV063+1.s,CORRECT,Proof 63 - should verify correctly
PRV064+1.s,CORRECT,Proof 64 - should verify correctly
PRV065+1.s,INCORRECT,Proof 65 - should verify incorrectly
PRV066+1.s,INCORRECT,Proof 66 - should verify incorrectly
PRV067+1.s,INCORRECT,Proof 67 - should verify incorrectly
PRV068+1.s,INCORRECT,Proof 68 - should verify incorrectly
PRV069+1.s,INCORRECT,Proof 69 - should verify incorrectly
PRV070+1.s,CORRECT,Proof 70 - should verify correctly
PRV071+1.s,INCORRECT,Proof 71 - should verify incorrectly
PRV072+1.s,INCORRECT,Proof 72 - should verify incorrectly
PRV073+1.s,CORRECT,Proof 73 - should verify correctly
PRV074+1.s,INCORRECT,Proof 74 - should verify incorrectly
PRV075+1.s,INCORRECT,Proof 75 - should verify incorrectly
PRV076+1.s,CORRECT,Proof 76 - should verify correctly
PRV077+1.s,INCORRECT,Proof 77 - should verify incorrectly
PRV078+1.s,INCORRECT,Proof 78 - should verify incorrectly
PRV079+1.s,CORRECT,Proof 79 - should verify correctly
PRV080+1.s,CORRECT,Proof 80 - should verify correctly
PRV081+1.s,CORRECT,Proof 81 - should verify correctly
PRV082+1.s,CORRECT,Proof 82 - should verify correctly
PRV083+1.s,INCORRECT,Proof 83 - should verify incorrectly
PRV084+1.s,INCORRECT,Proof 84 - should verify incorrectly
PRV085+1.s,CORRECT,Proof 85 - should verify correctly
PRV086+1.s,INCORRECT,Proof 86 - should verify incorrectly
PRV087+1.s,INCORRECT,Proof 87 - should verify incorrectly
PRV088+1.s,CORRECT,Proof 88 - should verify correctly
PRV089+1.s,CORRECT,Proof 89 - should verify correctly
PRV090+1.s,INCORRECT,Proof 90 - should verify incorrectly
PRV091+1.s,INCORRECT,Proof 91 - should verify incorrectly
PRV092+1.s,INCORRECT,Proof 92 - should verify incorrectly
PRV093+1.s,INCORRECT,Proof 93 - should verify incorrectly
PRV094+1.s,INCORRECT,Proof 94 - should verify incorrectly
PRV095+1.s,INCORRECT,Proof 95 - should verify incorrectly
PRV096+1.s,CORRECT,Proof 96 - should verify correctly
PRV097+1.s,INCORRECT,Proof 97 - should verify incorrectly
PRV098+1.s,CORRECT,Proof 98 - should verify correctly
PRV099+1.s,INCORRECT,Proof 99 - should verify incorrectly

